gender,first_name
MALE,Jacob
MALE,Michael
FEMALE,Emma
MALE,William
MALE,Ethan
MALE,Matthew
FEMALE,Emily
MALE,Joshua
MALE,Daniel
FEMALE,Olivia
MALE,Alexander
MALE,Noah
FEMALE,Isabella
MALE,Joseph
MALE,Andrew
MALE,Christopher
MALE,Anthony
MALE,James
MALE,David
FEMALE,Sophia
FEMALE,Madison
FEMALE,Abigail
MALE,Benjamin
MALE,Ryan
MALE,John
MALE,Logan
FEMALE,Ava
MALE,Nicholas
MALE,Samuel
MALE,Mason
MALE,Elijah
MALE,Dylan
MALE,Tyler
MALE,Christian
FEMALE,Elizabeth
MALE,Jonathan
MALE,Gabriel
MALE,Nathan
FEMALE,Hannah
MALE,Jayden
MALE,Aiden
MALE,Jackson
FEMALE,Mia
MALE,Liam
MALE,Brandon
MALE,Caleb
FEMALE,Samantha
MALE,Zachary
FEMALE,Grace
MALE,Lucas
MALE,Isaac
FEMALE,Chloe
MALE,Luke
MALE,Jack
FEMALE,Alexis
FEMALE,Ashley
FEMALE,Sarah
MALE,Austin
MALE,Jose
MALE,Justin
MALE,Thomas
MALE,Robert
MALE,Hunter
MALE,Isaiah
MALE,Jordan
MALE,Kevin
FEMALE,Natalie
MALE,Cameron
MALE,Evan
MALE,Angel
MALE,Aaron
FEMALE,Alyssa
FEMALE,Victoria
MALE,Connor
MALE,Gavin
FEMALE,Ella
MALE,Owen
MALE,Charles
MALE,Carter
FEMALE,Anna
FEMALE,Taylor
MALE,Jason
MALE,Landon
FEMALE,Brianna
MALE,Julian
MALE,Sebastian
MALE,Wyatt
MALE,Adrian
FEMALE,Hailey
FEMALE,Lauren
MALE,Henry
FEMALE,Kayla
FEMALE,Lily
FEMALE,Sofia
FEMALE,Addison
MALE,Adam
FEMALE,Avery
FEMALE,Evelyn
MALE,Jeremiah
FEMALE,Amelia
FEMALE,Charlotte
MALE,Brayden
FEMALE,Savannah
MALE,Juan
MALE,Luis
MALE,Ian
FEMALE,Lillian
FEMALE,Jessica
FEMALE,Allison
MALE,Oliver
MALE,Chase
FEMALE,Julia
FEMALE,Jasmine
FEMALE,Sydney
MALE,Nathaniel
FEMALE,Zoe
MALE,Aidan
MALE,Kyle
MALE,Eric
MALE,Dominic
FEMALE,Kaylee
MALE,Levi
FEMALE,Katherine
MALE,Xavier
FEMALE,Morgan
FEMALE,Leah
FEMALE,Riley
MALE,Carlos
MALE,Alex
FEMALE,Brooklyn
MALE,Jesus
MALE,Brian
MALE,Eli
FEMALE,Gabriella
FEMALE,Aubrey
MALE,Cole
FEMALE,Alexandra
FEMALE,Destiny
MALE,Blake
MALE,Josiah
FEMALE,Audrey
FEMALE,Alexa
MALE,Carson
FEMALE,Rachel
FEMALE,Mackenzie
MALE,Colton
MALE,Diego
MALE,Bryan
FEMALE,Kaitlyn
MALE,Sean
FEMALE,Maria
FEMALE,Layla
FEMALE,Claire
FEMALE,Makayla
MALE,Parker
FEMALE,Zoey
FEMALE,Harper
FEMALE,Kylie
FEMALE,Nevaeh
MALE,Tristan
FEMALE,Aaliyah
MALE,Steven
MALE,Timothy
FEMALE,Faith
FEMALE,Jennifer
FEMALE,Megan
MALE,Hayden
FEMALE,Madeline
FEMALE,Caroline
MALE,Jaxon
MALE,Cooper
FEMALE,Brooke
FEMALE,Arianna
FEMALE,Maya
FEMALE,Ariana
FEMALE,Nicole
FEMALE,Andrea
FEMALE,Kimberly
MALE,Richard
FEMALE,Autumn
MALE,Ayden
MALE,Antonio
MALE,Grayson
FEMALE,Trinity
MALE,Nolan
MALE,Miguel
MALE,Jaden
FEMALE,Mary
FEMALE,Haley
MALE,Vincent
FEMALE,Madelyn
MALE,Patrick
FEMALE,Camila
MALE,Bryce
FEMALE,Paige
MALE,Jesse
MALE,Alejandro
FEMALE,Melanie
FEMALE,Stephanie
MALE,Devin
MALE,Victor
FEMALE,Gabrielle
MALE,Cody
FEMALE,Peyton
FEMALE,Katelyn
FEMALE,Bailey
FEMALE,Jocelyn
FEMALE,Sara
MALE,Colin
FEMALE,Kennedy
FEMALE,Angelina
MALE,Seth
MALE,Brody
FEMALE,Vanessa
MALE,Riley
FEMALE,Sophie
MALE,Micah
MALE,Jake
FEMALE,Rebecca
MALE,Maxwell
FEMALE,Michelle
FEMALE,Scarlett
MALE,Jace
MALE,Ashton
MALE,Jeremy
FEMALE,Gianna
MALE,Kaleb
FEMALE,Isabelle
MALE,Max
MALE,Marcus
MALE,Ivan
FEMALE,Genesis
MALE,Damian
MALE,Caden
MALE,Kaden
MALE,Joel
FEMALE,Skylar
MALE,Hudson
FEMALE,Jenna
FEMALE,Molly
FEMALE,Mariah
FEMALE,Lucy
FEMALE,Amanda
MALE,Mark
FEMALE,Isabel
FEMALE,Lydia
FEMALE,Naomi
FEMALE,Bella
FEMALE,Serenity
FEMALE,Ellie
MALE,Elias
MALE,Brady
FEMALE,Sadie
FEMALE,Jordan
FEMALE,Jade
MALE,Bryson
MALE,Edward
MALE,Oscar
MALE,Preston
FEMALE,Eva
MALE,Trevor
MALE,Lincoln
MALE,George
MALE,Kenneth
MALE,Asher
MALE,Mateo
MALE,Giovanni
MALE,Alan
FEMALE,Ruby
FEMALE,Stella
MALE,Leonardo
MALE,Grant
FEMALE,Natalia
FEMALE,Mya
MALE,Garrett
MALE,Kayden
MALE,Miles
MALE,Leo
MALE,Jorge
FEMALE,Aria
MALE,Easton
FEMALE,Nora
MALE,Jonah
FEMALE,Jada
MALE,Wesley
MALE,Paul
MALE,Jared
MALE,Tanner
FEMALE,Rylee
MALE,Nicolas
FEMALE,Amy
FEMALE,Penelope
FEMALE,Danielle
MALE,Emmanuel
MALE,Eduardo
FEMALE,Reagan
MALE,Santiago
FEMALE,Melissa
FEMALE,Violet
FEMALE,Valeria
FEMALE,Amber
FEMALE,Catherine
FEMALE,Angela
MALE,Jaxson
FEMALE,Gracie
FEMALE,Eleanor
FEMALE,Payton
MALE,Roman
MALE,Omar
FEMALE,Adriana
MALE,Derek
FEMALE,Jacqueline
MALE,Gage
MALE,Ryder
FEMALE,Sierra
MALE,Theodore
FEMALE,Erin
MALE,Peter
MALE,Malachi
MALE,Collin
MALE,Bentley
MALE,Bradley
MALE,Harrison
MALE,Stephen
FEMALE,Piper
FEMALE,Jordyn
FEMALE,Shelby
FEMALE,Margaret
FEMALE,Gabriela
FEMALE,Daniela
FEMALE,Diana
MALE,Andres
FEMALE,Katie
FEMALE,Liliana
MALE,Camden
MALE,Braxton
FEMALE,Mckenzie
MALE,Cristian
MALE,Sawyer
FEMALE,Elena
MALE,Francisco
FEMALE,Annabelle
MALE,Ezra
FEMALE,Leslie
MALE,Spencer
MALE,Javier
MALE,Ricardo
MALE,Peyton
FEMALE,Kendall
MALE,Abraham
FEMALE,Mila
MALE,Travis
MALE,Conner
FEMALE,Marissa
FEMALE,Lilly
FEMALE,Alexandria
FEMALE,Valerie
FEMALE,Vivian
FEMALE,Daisy
FEMALE,Khloe
MALE,Alexis
FEMALE,Juliana
MALE,Fernando
MALE,Shane
MALE,Axel
MALE,Jeffrey
FEMALE,Summer
FEMALE,Briana
MALE,Kaiden
MALE,Dakota
FEMALE,Aubree
FEMALE,Paisley
MALE,Calvin
FEMALE,Aurora
MALE,Ezekiel
FEMALE,Clara
FEMALE,Ana
FEMALE,Angel
FEMALE,Christina
MALE,Manuel
MALE,Dalton
FEMALE,Jayla
FEMALE,Kathryn
MALE,Cesar
FEMALE,Alice
FEMALE,Miranda
FEMALE,Kylee
FEMALE,Eliana
MALE,Erick
MALE,Kai
FEMALE,Josephine
MALE,Mario
FEMALE,Laura
MALE,Declan
MALE,Avery
MALE,Brendan
FEMALE,Hazel
FEMALE,Kate
MALE,Shawn
FEMALE,Giselle
FEMALE,Ariel
FEMALE,London
FEMALE,Mikayla
FEMALE,Aliyah
FEMALE,Breanna
MALE,Edgar
MALE,Greyson
MALE,Edwin
MALE,Silas
MALE,Weston
FEMALE,Ashlyn
MALE,Johnathan
FEMALE,Alana
MALE,Cayden
MALE,Raymond
MALE,Maddox
FEMALE,Kelsey
FEMALE,Laila
FEMALE,Cheyenne
MALE,Damien
FEMALE,Makenzie
MALE,Braden
FEMALE,Alicia
FEMALE,Reese
MALE,Josue
MALE,Erik
MALE,Hector
FEMALE,Cora
MALE,Jude
FEMALE,Julianna
FEMALE,Sabrina
MALE,Tucker
FEMALE,Cassidy
FEMALE,Courtney
FEMALE,Elise
FEMALE,Alexia
MALE,Trenton
MALE,Clayton
FEMALE,Jillian
FEMALE,Luna
FEMALE,Hope
FEMALE,Valentina
MALE,Martin
MALE,Donovan
MALE,Zane
MALE,Israel
MALE,Andre
FEMALE,Brielle
MALE,Jaylen
MALE,Gregory
MALE,Dawson
MALE,Sergio
FEMALE,Amaya
MALE,Marco
FEMALE,Delilah
MALE,Abel
MALE,Jameson
FEMALE,Ivy
FEMALE,Brooklynn
MALE,Griffin
FEMALE,Maggie
MALE,Everett
FEMALE,Delaney
FEMALE,Adrianna
MALE,Bennett
FEMALE,Alondra
FEMALE,Quinn
FEMALE,Mckenna
FEMALE,Kelly
FEMALE,Willow
FEMALE,Melody
MALE,Andy
FEMALE,Eden
FEMALE,Chelsea
FEMALE,Alaina
MALE,Jaiden
FEMALE,Hadley
MALE,Luca
FEMALE,Karen
FEMALE,Bianca
MALE,Chance
FEMALE,Kiara
MALE,Devon
MALE,Jayce
FEMALE,Caitlin
FEMALE,Keira
MALE,Xander
MALE,Simon
MALE,Zion
MALE,Kingston
MALE,Roberto
MALE,Emmett
FEMALE,Tiffany
MALE,Rafael
FEMALE,Lyla
MALE,Amir
MALE,Rylan
FEMALE,Cecilia
MALE,Myles
FEMALE,Lindsey
MALE,Keegan
MALE,Corbin
FEMALE,Cassandra
FEMALE,Adeline
MALE,Colby
FEMALE,Emilia
MALE,Drew
MALE,Troy
FEMALE,Tessa
MALE,Lukas
FEMALE,Veronica
FEMALE,Kinsley
FEMALE,Ximena
MALE,Maximus
FEMALE,Mariana
FEMALE,Esther
FEMALE,Alivia
MALE,Dominick
FEMALE,Carly
MALE,Jalen
FEMALE,Angelica
FEMALE,Caitlyn
FEMALE,Abby
FEMALE,Makenna
FEMALE,Crystal
FEMALE,Hayden
FEMALE,Izabella
MALE,Corey
FEMALE,Kyla
FEMALE,Eliza
FEMALE,Nadia
FEMALE,Callie
MALE,Graham
FEMALE,Leilani
MALE,Johnny
FEMALE,Jazmin
FEMALE,Aniyah
MALE,Ryker
FEMALE,Rose
MALE,Dillon
MALE,Gael
MALE,Taylor
MALE,Lorenzo
FEMALE,Lila
FEMALE,Ryleigh
MALE,Pedro
MALE,Kameron
FEMALE,Karina
FEMALE,Kendra
MALE,Ty
FEMALE,Esmeralda
MALE,Elliot
MALE,Drake
MALE,Maverick
FEMALE,Camille
MALE,Ruben
FEMALE,Alina
FEMALE,Dakota
MALE,Dean
FEMALE,Allie
FEMALE,Erica
FEMALE,Brittany
FEMALE,Sienna
MALE,Frank
FEMALE,Alayna
FEMALE,Fatima
FEMALE,Joanna
MALE,Malik
FEMALE,Anastasia
MALE,Charlie
MALE,Dante
MALE,Landen
MALE,Skyler
MALE,Kyler
FEMALE,Alison
FEMALE,Josie
MALE,Dustin
MALE,Scott
FEMALE,Alejandra
FEMALE,Camryn
FEMALE,Bethany
FEMALE,Leila
FEMALE,Nina
MALE,Tyson
FEMALE,Karla
FEMALE,Jamie
FEMALE,Fiona
FEMALE,Genevieve
FEMALE,Mallory
FEMALE,Selena
FEMALE,Marley
MALE,Mitchell
FEMALE,Kyra
FEMALE,Iris
FEMALE,Harmony
FEMALE,Athena
MALE,Brantley
MALE,Angelo
MALE,Emiliano
FEMALE,Allyson
FEMALE,Haylee
MALE,Derrick
FEMALE,Emery
MALE,Emilio
FEMALE,Kayleigh
MALE,Elliott
MALE,Rowan
MALE,Cade
MALE,Zander
FEMALE,Jazmine
FEMALE,Jasmin
MALE,Lane
FEMALE,Miriam
FEMALE,Lucia
MALE,Marcos
MALE,Fabian
MALE,Beau
FEMALE,Erika
FEMALE,Georgia
FEMALE,Isla
FEMALE,Cynthia
MALE,Allen
FEMALE,Heaven
MALE,Jakob
FEMALE,Macy
MALE,Louis
FEMALE,Emerson
MALE,Emanuel
MALE,Phillip
MALE,Jasper
MALE,Ronald
FEMALE,Kara
FEMALE,Presley
FEMALE,Lola
FEMALE,Paris
FEMALE,Monica
MALE,Finn
FEMALE,Kira
FEMALE,Norah
MALE,Gerardo
FEMALE,Jayden
FEMALE,Carmen
MALE,Quinn
MALE,Armando
MALE,King
MALE,Trey
MALE,Raul
FEMALE,Teagan
FEMALE,Madeleine
MALE,Enrique
FEMALE,Brynn
FEMALE,Cadence
FEMALE,Lexi
FEMALE,Hanna
MALE,Dallas
FEMALE,Adalyn
MALE,Brock
FEMALE,Michaela
FEMALE,Adalynn
MALE,Alec
FEMALE,Hayley
MALE,Felix
FEMALE,Savanna
MALE,Jase
FEMALE,Ashlynn
FEMALE,Rebekah
MALE,Julio
MALE,Keith
FEMALE,Daniella
MALE,Brennan
FEMALE,Julie
MALE,Holden
MALE,Zayden
MALE,Arthur
MALE,Judah
FEMALE,Ruth
FEMALE,Kamryn
FEMALE,Heidi
MALE,Darius
MALE,Trent
MALE,Brett
FEMALE,April
MALE,Caiden
FEMALE,Brenda
MALE,Donald
FEMALE,Guadalupe
MALE,Jaime
FEMALE,Malia
MALE,Reid
MALE,Aden
FEMALE,Skyler
FEMALE,Londyn
FEMALE,Carolina
FEMALE,Holly
FEMALE,Harley
FEMALE,Kailey
MALE,Cash
FEMALE,Annie
FEMALE,Phoebe
MALE,Pablo
MALE,Waylon
MALE,Walter
FEMALE,Noelle
MALE,Paxton
FEMALE,Cameron
MALE,Casey
MALE,Payton
MALE,August
FEMALE,Juliet
FEMALE,Serena
MALE,Julius
FEMALE,Jayda
MALE,Danny
MALE,Joaquin
FEMALE,Katelynn
MALE,Amari
FEMALE,Talia
MALE,Chandler
FEMALE,Heather
FEMALE,Meghan
MALE,Philip
FEMALE,Everly
FEMALE,Arabella
FEMALE,Celeste
MALE,Ali
MALE,Karter
FEMALE,Rylie
FEMALE,Lizbeth
FEMALE,Ayla
FEMALE,Desiree
MALE,Saul
MALE,Brooks
MALE,Adan
MALE,Gustavo
FEMALE,Jane
MALE,Anderson
FEMALE,Julissa
MALE,Ismael
MALE,Jerry
FEMALE,Emely
MALE,Mathew
FEMALE,Tatiana
FEMALE,Nayeli
FEMALE,Raegan
FEMALE,Madilyn
FEMALE,Juliette
FEMALE,Maddison
MALE,Marshall
FEMALE,Kyleigh
FEMALE,Tatum
MALE,River
FEMALE,Elaina
MALE,Dennis
MALE,Alberto
FEMALE,Ciara
MALE,Jax
MALE,Gunner
MALE,Matteo
FEMALE,Helen
FEMALE,Maci
MALE,Randy
FEMALE,Logan
FEMALE,Kristen
MALE,Jayson
FEMALE,Nyla
FEMALE,Raven
FEMALE,Parker
FEMALE,Kinley
MALE,Jimmy
MALE,Esteban
FEMALE,Kaydence
FEMALE,Lindsay
MALE,Tony
FEMALE,Diamond
FEMALE,Aniya
MALE,Albert
FEMALE,Lena
FEMALE,Lilliana
FEMALE,Adelyn
MALE,Jay
FEMALE,Priscilla
MALE,Damon
FEMALE,Charlie
FEMALE,Kaylie
MALE,Beckett
FEMALE,Raelynn
MALE,Braylon
FEMALE,Claudia
MALE,Cruz
FEMALE,Bridget
MALE,Leon
FEMALE,Alessandra
FEMALE,Addyson
MALE,Lance
MALE,Desmond
FEMALE,Shannon
FEMALE,Imani
FEMALE,Nova
MALE,Arturo
MALE,Walker
MALE,Zackary
FEMALE,Cali
FEMALE,Sasha
FEMALE,Ainsley
MALE,Milo
FEMALE,Sage
MALE,Tristen
MALE,Curtis
FEMALE,Nancy
FEMALE,Nia
MALE,Brenden
FEMALE,Kenzie
MALE,Russell
MALE,Grady
FEMALE,Kali
FEMALE,Baylee
FEMALE,Finley
MALE,Phoenix
FEMALE,Asia
MALE,Larry
FEMALE,Lyric
MALE,Moises
MALE,Quentin
FEMALE,Madalyn
MALE,Titus
MALE,Darren
MALE,Kobe
FEMALE,Natasha
MALE,Reed
FEMALE,Paola
FEMALE,Itzel
FEMALE,Lauryn
FEMALE,Madisyn
FEMALE,Evangeline
MALE,Rodrigo
MALE,Rhett
MALE,Keaton
FEMALE,Lia
FEMALE,Kaitlin
MALE,Kade
FEMALE,Kassidy
FEMALE,Arya
FEMALE,Kathleen
MALE,Nehemiah
MALE,Maximiliano
MALE,Alfredo
FEMALE,Meredith
MALE,Jett
FEMALE,Annika
FEMALE,Macie
MALE,Hugo
FEMALE,Fernanda
FEMALE,Sandra
FEMALE,Skye
FEMALE,Angie
MALE,Cohen
FEMALE,Anahi
MALE,Karson
FEMALE,Emilee
FEMALE,Francesca
FEMALE,Viviana
FEMALE,Shayla
FEMALE,Janelle
MALE,Marvin
MALE,Gary
FEMALE,Amiyah
MALE,Iker
MALE,Tate
FEMALE,Elliana
FEMALE,Joselyn
MALE,Brayan
FEMALE,Lacey
MALE,Emerson
FEMALE,Sarai
MALE,Jonas
MALE,Messiah
MALE,Lawrence
MALE,Bryant
FEMALE,Lilah
FEMALE,Journey
FEMALE,Cindy
FEMALE,Miracle
FEMALE,Kiera
FEMALE,Lana
MALE,Tobias
MALE,Colt
MALE,Davis
FEMALE,Kristina
MALE,Douglas
FEMALE,Patricia
MALE,Chris
FEMALE,Wendy
MALE,Romeo
FEMALE,Dulce
MALE,Ricky
FEMALE,Joy
MALE,Noel
FEMALE,Brenna
FEMALE,Madelynn
MALE,Zachariah
FEMALE,Amari
FEMALE,Arielle
FEMALE,Anne
FEMALE,Alissa
FEMALE,Anya
FEMALE,Rowan
MALE,Nikolas
MALE,Solomon
FEMALE,Casey
MALE,Barrett
FEMALE,Elle
FEMALE,Hallie
MALE,Joe
FEMALE,Annabella
MALE,Mauricio
MALE,Nickolas
FEMALE,Tiana
FEMALE,Gloria
FEMALE,Tori
FEMALE,Jimena
FEMALE,Brynlee
FEMALE,Haven
FEMALE,Kaylin
FEMALE,Denise
MALE,Jonathon
MALE,Marc
FEMALE,Kassandra
FEMALE,Rosa
FEMALE,Daphne
MALE,Ramon
FEMALE,Gemma
FEMALE,Christine
FEMALE,Kiley
MALE,Conor
FEMALE,Johanna
FEMALE,Adelaide
MALE,Leland
FEMALE,Britney
MALE,Cory
FEMALE,Aspen
MALE,Salvador
MALE,Reece
FEMALE,Eloise
MALE,Remington
MALE,Orlando
MALE,Orion
FEMALE,Jazlyn
FEMALE,Samara
MALE,Kristopher
FEMALE,Kaelyn
FEMALE,Anaya
MALE,Leonel
MALE,Justice
FEMALE,Vivienne
FEMALE,Kiana
MALE,Adriel
MALE,Braydon
FEMALE,Lucille
FEMALE,Gia
MALE,Kendrick
FEMALE,Amara
FEMALE,Virginia
FEMALE,Amira
FEMALE,Jaden
MALE,Issac
FEMALE,Miley
MALE,Chad
MALE,Khalil
FEMALE,Jaelyn
MALE,Ernesto
MALE,Gideon
FEMALE,Katrina
MALE,Bruce
MALE,Uriel
FEMALE,Catalina
FEMALE,Justice
MALE,Morgan
FEMALE,Dana
MALE,Braeden
FEMALE,Marina
MALE,Maurice
FEMALE,Yasmin
FEMALE,Perla
FEMALE,Clarissa
FEMALE,Alanna
MALE,Enzo
FEMALE,Ryan
MALE,Warren
FEMALE,Marilyn
FEMALE,Elisa
MALE,Knox
FEMALE,Tara
MALE,Malcolm
FEMALE,Lilian
FEMALE,Rachael
FEMALE,Whitney
FEMALE,Linda
FEMALE,Mercedes
MALE,Mohamed
FEMALE,Marisol
